Įstaigos_kodas;Gydytojo_ID;Data_nuo;Data_iki;Įrašo_sukūrimo_data
125873515;1949;2026-10-02;2026-10-09;2026-10-03 03:01:38
125873515;2029;2026-09-30;2026-10-05;2026-10-03 03:01:38
125873515;2037;2026-10-05;2026-10-07;2026-10-03 03:01:38
125873515;2043;2026-07-20;2026-11-02;2026-10-03 03:01:38
125873515;2063;2026-08-17;2026-10-13;2026-10-03 03:01:38
125873515;2365;2026-10-08;2026-10-09;2026-10-03 03:01:38
125873515;2455;2026-09-17;2026-11-02;2026-10-03 03:01:38
125873515;2486;2026-09-30;2026-10-09;2026-10-03 03:01:38
125873515;2487;2026-10-05;2026-10-16;2026-10-03 03:01:38
125873515;2504;2026-10-01;2026-10-07;2026-10-03 03:01:38
125873515;2504;2026-10-08;2026-10-09;2026-10-03 03:01:38
125873515;2579;2026-10-07;2026-10-08;2026-10-03 03:01:38
125873515;3891;2026-10-05;2026-10-09;2026-10-03 03:01:38
125873515;5104;2026-10-07;2026-10-07;2026-10-03 03:01:38
