Istaigos_kodas;Ataskaitinio_laikotarpio_pradzia;Ataskaitinio_laikotarpio_pabaiga;Gydytojo_ID;Prisirasiusiu_prie_gydytojo_gyventoju_skaicius;Gydytojo_viso_ataskaitinio_laikotarpio_darbo_valandu_kiekis_viso;Ataskaitos_sukurimo_data
125873515;2026-07-01;2026-09-30;2487;1764;617,5;2026-10-08 10:25
125873515;2026-07-01;2026-09-30;2711;1542;494;2026-10-08 10:25
125873515;2026-07-01;2026-09-30;1919;913;296,47;2026-10-08 10:25
125873515;2026-07-01;2026-09-30;3686;1523;617,5;2026-10-08 10:25
125873515;2026-07-01;2026-09-30;2455;1467;494;2026-10-08 10:25
125873515;2026-07-01;2026-09-30;3987;1752;592,87;2026-10-08 10:25
125873515;2026-07-01;2026-09-30;2032;1444;494;2026-10-08 10:25
125873515;2026-07-01;2026-09-30;2579;1781;617,5;2026-10-08 10:25
125873515;2026-07-01;2026-09-30;2489;931;296,1;2026-10-08 10:25
125873515;2026-07-01;2026-09-30;2250;1600;494;2026-10-08 10:25
125873515;2026-07-01;2026-09-30;2225;1470;494;2026-10-08 10:25
125873515;2026-07-01;2026-09-30;2504;807;247;2026-10-08 10:25
125873515;2026-07-01;2026-09-30;1949;1822;617,5;2026-10-08 10:25
125873515;2026-07-01;2026-09-30;1956;1972;617,5;2026-10-08 10:25
125873515;2026-07-01;2026-09-30;2259;1587;494;2026-10-08 10:25
125873515;2026-07-01;2026-09-30;2255;1053;370,88;2026-10-08 10:25
125873515;2026-07-01;2026-09-30;2063;1314;494;2026-10-08 10:25
125873515;2026-07-01;2026-09-30;2298;1718;590,48;2026-10-08 10:25
125873515;2026-07-01;2026-09-30;2312;1415;617,5;2026-10-08 10:25
125873515;2026-07-01;2026-09-30;2468;1487;494;2026-10-08 10:25
125873515;2026-07-01;2026-09-30;2599;1657;543,45;2026-10-08 10:25
125873515;2026-07-01;2026-09-30;3435;1797;617,5;2026-10-08 10:25
125873515;2026-07-01;2026-09-30;2311;1841;494;2026-10-08 10:25
125873515;2026-07-01;2026-09-30;3045;1645;494;2026-10-08 10:25
125873515;2026-07-01;2026-09-30;2257;1525;494;2026-10-08 10:25
125873515;2026-07-01;2026-09-30;2486;1425;494;2026-10-08 10:25
125873515;2026-07-01;2026-09-30;2484;1927;617,5;2026-10-08 10:25
125873515;2026-07-01;2026-09-30;2071;1524;494;2026-10-08 10:25
125873515;2026-07-01;2026-09-30;2009;1876;642,42;2026-10-08 10:25
125873515;2026-07-01;2026-09-30;3134;1661;543,37;2026-10-08 10:25
125873515;2026-07-01;2026-09-30;2299;1490;494;2026-10-08 10:25
125873515;2026-07-01;2026-09-30;2080;1560;494;2026-10-08 10:25
125873515;2026-07-01;2026-09-30;4145;1966;617,5;2026-10-08 10:25
125873515;2026-07-01;2026-09-30;2254;1426;494;2026-10-08 10:25
125873515;2026-07-01;2026-09-30;2043;1504;494;2026-10-08 10:25
125873515;2026-07-01;2026-09-30;2365;1860;617,5;2026-10-08 10:25
125873515;2026-07-01;2026-09-30;2053;1478;494;2026-10-08 10:25
125873515;2026-07-01;2026-09-30;2077;1439;494;2026-10-08 10:25
125873515;2026-07-01;2026-09-30;2294;1814;494;2026-10-08 10:25
125873515;2026-07-01;2026-09-30;2698;770;494;2026-10-08 10:25
125873515;2026-07-01;2026-09-30;2029;656;295,4;2026-10-08 10:25
125873515;2026-07-01;2026-09-30;3623;593;247;2026-10-08 10:25
125873515;2026-07-01;2026-09-30;2037;772;363,02;2026-10-08 10:25
125873515;2026-07-01;2026-09-30;1929;895;326,8;2026-10-08 10:25
125873515;2026-07-01;2026-09-30;2287;784;302,1;2026-10-08 10:25
125873515;2026-07-01;2026-09-30;3815;730;494;2026-10-08 10:25
125873515;2026-07-01;2026-09-30;2536;558;494;2026-10-08 10:25
125873515;2026-07-01;2026-09-30;3891;1012;494;2026-10-08 10:25
125873515;2026-07-01;2026-09-30;2293;859;321,7;2026-10-08 10:25
125873515;2026-07-01;2026-09-30;2014;749;494;2026-10-08 10:25
125873515;2026-07-01;2026-09-30;2295;588;289,63;2026-10-08 10:25
125873515;2026-07-01;2026-09-30;2076;807;476,9;2026-10-08 10:25
125873515;2026-07-01;2026-09-30;4047;2039;642,42;2026-10-08 10:25
125873515;2026-07-01;2026-09-30;4130;1731;494;2026-10-08 10:25
125873515;2026-07-01;2026-09-30;4366;893;247;2026-10-08 10:25
125873515;2026-07-01;2026-09-30;2532;300;98,77;2026-10-08 10:25
125873515;2026-07-01;2026-09-30;4540;1026;440,8;2026-10-08 10:25
125873515;2026-07-01;2026-09-30;3762;1798;617,5;2026-10-08 10:25
125873515;2026-07-01;2026-09-30;4630;1616;494;2026-10-08 10:25
125873515;2026-07-01;2026-09-30;3292;1548;494;2026-10-08 10:25
125873515;2026-07-01;2026-09-30;4642;1858;537,7;2026-10-08 10:25
125873515;2026-07-01;2026-09-30;3444;1463;494;2026-10-08 10:25
125873515;2026-07-01;2026-09-30;4730;1824;617,5;2026-10-08 10:25
125873515;2026-07-01;2026-09-30;4868;1677;665,33;2026-10-08 10:25
125873515;2026-07-01;2026-09-30;3781;1814;592,52;2026-10-08 10:25
125873515;2026-07-01;2026-09-30;4896;1511;494;2026-10-08 10:25
125873515;2026-07-01;2026-09-30;4999;1806;494;2026-10-08 10:25
125873515;2026-07-01;2026-09-30;4480;1617;494;2026-10-08 10:25
125873515;2026-07-01;2026-09-30;5104;1328;370,5;2026-10-08 10:25
125873515;2026-07-01;2026-09-30;4025;1582;494;2026-10-08 10:25
125873515;2026-07-01;2026-09-30;5017;1572;494;2026-10-08 10:25
125873515;2026-07-01;2026-09-30;5130;1572;494;2026-10-08 10:25
125873515;2026-07-01;2026-09-30;5127;1461;494;2026-10-08 10:25
125873515;2026-07-01;2026-09-30;5150;1883;617,5;2026-10-08 10:25
125873515;2026-07-01;2026-09-30;3308;1569;494;2026-10-08 10:25
