Įstaigos_kodas;Data;Gydytojo_ID;Pirminių_vizitų_trukmė_sveikatos_įstaigoje_minutėmis;Priimtų_pacientų_pirminiams_vizitams_skaičius;Pirminių_ir_kitų(antrinių)_vizitų_sveikatos_įstaigoje_trukmė_minutėmis;Viso_priimtų_pacientų_skaičius;Darbo_laikas_nuo;Darbo_laikas_iki;Įrašo_sukūrimo_data
125873515;2026-09-30;2487;255;17;285;29;07:00;14:30;2026-10-01 03:01:55
125873515;2026-09-30;2711;225;15;276;31;08:00;14:30;2026-10-01 03:01:56
125873515;2026-09-30;1919;135;9;222;18;15:00;20:00;2026-10-01 03:01:56
125873515;2026-09-30;3686;225;15;276;24;07:00;13:30;2026-10-01 03:01:57
125873515;2026-09-30;3987;255;17;325;31;07:00;15:00;2026-10-01 03:01:57
125873515;2026-09-30;2032;270;18;276;45;13:30;20:00;2026-10-01 03:01:58
125873515;2026-09-30;2579;330;22;410;35;07:00;15:45;2026-10-01 03:01:58
125873515;2026-09-30;2489;120;8;135;13;08:30;12:00;2026-10-01 03:01:59
125873515;2026-09-30;2250;210;14;276;19;13:30;20:00;2026-10-01 03:01:59
125873515;2026-09-30;2225;195;13;276;19;07:00;13:30;2026-10-01 03:02:00
125873515;2026-09-30;1949;210;14;285;33;07:00;14:30;2026-10-01 03:02:00
125873515;2026-09-30;1956;255;17;290;28;07:00;16:30;2026-10-01 03:02:01
125873515;2026-09-30;2259;225;15;276;25;13:30;20:00;2026-10-01 03:02:01
125873515;2026-09-30;2298;255;17;330;30;12:30;20:00;2026-10-01 03:02:02
125873515;2026-09-30;2312;195;13;261;21;14:00;20:00;2026-10-01 03:02:03
125873515;2026-09-30;2599;270;18;287;34;07:00;14:00;2026-10-01 03:02:04
125873515;2026-09-30;3435;330;22;396;29;11:45;20:00;2026-10-01 03:02:04
125873515;2026-09-30;2311;240;16;256;33;13:30;20:00;2026-10-01 03:02:05
125873515;2026-09-30;3045;225;15;361;29;07:00;13:30;2026-10-01 03:02:05
125873515;2026-09-30;2257;210;14;276;28;07:00;13:30;2026-10-01 03:02:06
125873515;2026-09-30;2484;225;15;195;22;14:00;20:00;2026-10-01 03:02:07
125873515;2026-09-30;2071;270;18;276;32;13:30;20:00;2026-10-01 03:02:07
125873515;2026-09-30;2009;180;12;251;17;07:00;14:45;2026-10-01 03:02:07
125873515;2026-09-30;3134;240;16;271;34;13:20;20:00;2026-10-01 03:02:08
125873515;2026-09-30;2299;90;6;105;7;13:30;16:00;2026-10-01 03:02:08
125873515;2026-09-30;2080;210;14;276;24;07:00;13:30;2026-10-01 03:02:09
125873515;2026-09-30;4145;240;16;285;24;12:10;20:00;2026-10-01 03:02:09
125873515;2026-09-30;2365;180;12;275;19;12:30;20:00;2026-10-01 03:02:11
125873515;2026-09-30;2053;210;14;276;25;13:30;20:00;2026-10-01 03:02:11
125873515;2026-09-30;2077;210;14;276;27;07:00;13:30;2026-10-01 03:02:11
125873515;2026-09-30;2294;210;14;271;27;13:30;20:00;2026-10-01 03:02:12
125873515;2026-09-30;2698;135;9;256;13;07:00;13:30;2026-10-01 03:02:12
125873515;2026-09-30;3623;105;7;120;11;08:00;11:10;2026-10-01 03:02:13
125873515;2026-09-30;2037;225;15;336;23;13:45;20:00;2026-10-01 03:02:13
125873515;2026-09-30;1929;225;15;256;21;13:30;20:00;2026-10-01 03:02:14
125873515;2026-09-30;2287;195;13;197;21;14:15;19:00;2026-10-01 03:02:14
125873515;2026-09-30;3815;225;15;351;21;13:30;20:00;2026-10-01 03:02:15
125873515;2026-09-30;2536;90;6;181;8;13:30;20:00;2026-10-01 03:02:15
125873515;2026-09-30;3891;210;14;256;25;13:30;20:00;2026-10-01 03:02:15
125873515;2026-09-30;2293;195;13;201;18;07:00;13:31;2026-10-01 03:02:16
125873515;2026-09-30;2014;195;13;281;14;13:30;20:00;2026-10-01 03:02:16
125873515;2026-09-30;4130;240;16;256;32;13:30;20:00;2026-10-01 03:02:18
125873515;2026-09-30;4366;150;10;168;20;16:00;19:00;2026-10-01 03:02:18
125873515;2026-09-30;4540;180;12;256;17;07:00;13:30;2026-10-01 03:02:19
125873515;2026-09-30;3762;330;22;366;31;07:00;15:00;2026-10-01 03:02:20
125873515;2026-09-30;4630;195;13;276;22;07:00;13:30;2026-10-01 03:02:20
125873515;2026-09-30;3292;195;13;256;23;13:30;20:00;2026-10-01 03:02:20
125873515;2026-09-30;4642;240;16;276;27;07:00;13:30;2026-10-01 03:02:21
125873515;2026-09-30;4868;225;15;240;25;07:00;13:30;2026-10-01 03:02:22
125873515;2026-09-30;3781;270;18;291;31;12:30;20:00;2026-10-01 03:02:22
125873515;2026-09-30;4896;195;13;276;20;13:30;20:00;2026-10-01 03:02:23
125873515;2026-09-30;4999;195;13;261;24;07:00;13:30;2026-10-01 03:02:23
125873515;2026-09-30;4480;240;16;276;34;09:00;15:30;2026-10-01 03:02:24
125873515;2026-09-30;5104;195;13;231;21;13:30;18:30;2026-10-01 03:02:24
125873515;2026-09-30;4025;240;16;331;25;07:00;13:30;2026-10-01 03:02:24
125873515;2026-09-30;5017;255;17;406;30;07:00;13:30;2026-10-01 03:02:25
125873515;2026-09-30;5130;225;15;256;28;13:30;20:00;2026-10-01 03:02:25
125873515;2026-09-30;5127;165;11;276;17;13:30;20:00;2026-10-01 03:02:26
125873515;2026-09-30;5150;180;12;220;23;13:30;20:00;2026-10-01 03:02:26
125873515;2026-09-30;3308;135;9;219;19;08:00;13:30;2026-10-01 03:02:26
